--
-- PostgreSQL database dump
--

\restrict BWy4hLZSPdLhfQg86TTuFCD29bny0OAcsq7Pc4p32haDStsqVIhmm1yGcGbUJoV

-- Dumped from database version 13.22
-- Dumped by pg_dump version 13.22

SET statement_timeout = 0;
SET lock_timeout = 0;
SET idle_in_transaction_session_timeout = 0;
SET client_encoding = 'UTF8';
SET standard_conforming_strings = on;
SELECT pg_catalog.set_config('search_path', '', false);
SET check_function_bodies = false;
SET xmloption = content;
SET client_min_messages = warning;
SET row_security = off;

SET default_tablespace = '';

SET default_table_access_method = heap;

--
-- Name: account; Type: TABLE; Schema: public; Owner: postgres
--

CREATE TABLE public.account (
    id bigint NOT NULL,
    address character varying(255) NOT NULL,
    email character varying(255) DEFAULT ''::character varying,
    is_active boolean DEFAULT true,
    number character varying(10) NOT NULL,
    payer character varying(255) NOT NULL,
    telegram_id bigint,
    is_normed boolean DEFAULT true,
    resident_regd integer
);


ALTER TABLE public.account OWNER TO postgres;

--
-- Name: calc_method; Type: TABLE; Schema: public; Owner: postgres
--

CREATE TABLE public.calc_method (
    id bigint NOT NULL,
    name character varying(255) NOT NULL
);


ALTER TABLE public.calc_method OWNER TO postgres;

--
-- Name: calc_method_id_seq; Type: SEQUENCE; Schema: public; Owner: postgres
--

ALTER TABLE public.calc_method ALTER COLUMN id ADD GENERATED BY DEFAULT AS IDENTITY (
    SEQUENCE NAME public.calc_method_id_seq
    START WITH 1
    INCREMENT BY 1
    NO MINVALUE
    NO MAXVALUE
    CACHE 1
);


--
-- Name: calculation; Type: TABLE; Schema: public; Owner: postgres
--

CREATE TABLE public.calculation (
    id bigint NOT NULL,
    date date NOT NULL,
    account_id bigint NOT NULL,
    service_id bigint NOT NULL,
    method_id bigint NOT NULL,
    amount numeric(10,2) NOT NULL
);


ALTER TABLE public.calculation OWNER TO postgres;

--
-- Name: calculation_id_seq; Type: SEQUENCE; Schema: public; Owner: postgres
--

ALTER TABLE public.calculation ALTER COLUMN id ADD GENERATED BY DEFAULT AS IDENTITY (
    SEQUENCE NAME public.calculation_id_seq
    START WITH 1
    INCREMENT BY 1
    NO MINVALUE
    NO MAXVALUE
    CACHE 1
);


--
-- Name: meter; Type: TABLE; Schema: public; Owner: postgres
--

CREATE TABLE public.meter (
    id bigint NOT NULL,
    initial_value numeric(10,3) DEFAULT 0.0,
    serial_number character varying(10) NOT NULL,
    valid_thru date NOT NULL,
    verification_date date NOT NULL,
    account_id bigint NOT NULL,
    service_id bigint NOT NULL
);


ALTER TABLE public.meter OWNER TO postgres;

--
-- Name: meter_id_seq; Type: SEQUENCE; Schema: public; Owner: postgres
--

ALTER TABLE public.meter ALTER COLUMN id ADD GENERATED BY DEFAULT AS IDENTITY (
    SEQUENCE NAME public.meter_id_seq
    START WITH 1
    INCREMENT BY 1
    NO MINVALUE
    NO MAXVALUE
    CACHE 1
);


--
-- Name: my_sequence; Type: SEQUENCE; Schema: public; Owner: postgres
--

CREATE SEQUENCE public.my_sequence
    START WITH 1
    INCREMENT BY 10
    NO MINVALUE
    NO MAXVALUE
    CACHE 1;


ALTER TABLE public.my_sequence OWNER TO postgres;

--
-- Name: norm; Type: TABLE; Schema: public; Owner: postgres
--

CREATE TABLE public.norm (
    id bigint NOT NULL,
    impl_date date NOT NULL,
    rate numeric(10,2) NOT NULL,
    service_id bigint NOT NULL
);


ALTER TABLE public.norm OWNER TO postgres;

--
-- Name: norm_id_seq; Type: SEQUENCE; Schema: public; Owner: postgres
--

ALTER TABLE public.norm ALTER COLUMN id ADD GENERATED BY DEFAULT AS IDENTITY (
    SEQUENCE NAME public.norm_id_seq
    START WITH 1
    INCREMENT BY 1
    NO MINVALUE
    NO MAXVALUE
    CACHE 1
);


--
-- Name: reading; Type: TABLE; Schema: public; Owner: postgres
--

CREATE TABLE public.reading (
    id bigint NOT NULL,
    consumption numeric(10,3) DEFAULT 0.0,
    date date NOT NULL,
    value numeric(10,3) DEFAULT 0.0,
    meter_id bigint NOT NULL
);


ALTER TABLE public.reading OWNER TO postgres;

--
-- Name: reading_id_seq; Type: SEQUENCE; Schema: public; Owner: postgres
--

ALTER TABLE public.reading ALTER COLUMN id ADD GENERATED BY DEFAULT AS IDENTITY (
    SEQUENCE NAME public.reading_id_seq
    START WITH 1
    INCREMENT BY 1
    NO MINVALUE
    NO MAXVALUE
    CACHE 1
);


--
-- Name: service; Type: TABLE; Schema: public; Owner: postgres
--

CREATE TABLE public.service (
    id bigint NOT NULL,
    name character varying(255) NOT NULL
);


ALTER TABLE public.service OWNER TO postgres;

--
-- Name: service_id_seq; Type: SEQUENCE; Schema: public; Owner: postgres
--

ALTER TABLE public.service ALTER COLUMN id ADD GENERATED BY DEFAULT AS IDENTITY (
    SEQUENCE NAME public.service_id_seq
    START WITH 1
    INCREMENT BY 1
    NO MINVALUE
    NO MAXVALUE
    CACHE 1
);


--
-- Name: tariff; Type: TABLE; Schema: public; Owner: postgres
--

CREATE TABLE public.tariff (
    id bigint NOT NULL,
    impl_date date NOT NULL,
    rate numeric(10,2) NOT NULL,
    service_id bigint NOT NULL
);


ALTER TABLE public.tariff OWNER TO postgres;

--
-- Name: tariff_id_seq; Type: SEQUENCE; Schema: public; Owner: postgres
--

ALTER TABLE public.tariff ALTER COLUMN id ADD GENERATED BY DEFAULT AS IDENTITY (
    SEQUENCE NAME public.tariff_id_seq
    START WITH 1
    INCREMENT BY 1
    NO MINVALUE
    NO MAXVALUE
    CACHE 1
);


--
-- Name: transaction; Type: TABLE; Schema: public; Owner: postgres
--

CREATE TABLE public.transaction (
    id bigint NOT NULL,
    date date NOT NULL,
    account_id bigint NOT NULL,
    sum numeric(10,2) DEFAULT 0.0
);


ALTER TABLE public.transaction OWNER TO postgres;

--
-- Name: transaction_id_seq; Type: SEQUENCE; Schema: public; Owner: postgres
--

ALTER TABLE public.transaction ALTER COLUMN id ADD GENERATED BY DEFAULT AS IDENTITY (
    SEQUENCE NAME public.transaction_id_seq
    START WITH 1
    INCREMENT BY 1
    NO MINVALUE
    NO MAXVALUE
    CACHE 1
);


--
-- Data for Name: account; Type: TABLE DATA; Schema: public; Owner: postgres
--

COPY public.account (id, address, email, is_active, number, payer, telegram_id, is_normed, resident_regd) FROM stdin;
14	612270, г.Орлов, ул.Кирова, д.101, кв.6	lsb39@bk.ru	t	6822-660-5	Егорова П.Б.	689050626	f	1
3	612270, г.Орлов, ул.Кирова, д.100, кв.3		f	6822-659-3	Соколов М.Е.	\N	t	4
1	612270, г.Орлов, ул.Кирова, д.100, кв.1		f	6822-659-1	Иванов А.С.	\N	t	2
2	612270, г.Орлов, ул.Кирова, д.100, кв.2		t	6822-659-2	Петров Д.В.	\N	t	0
21	612270, г.Орлов, ул.Кирова, д.100, кв.13		t	6822-661-2	Макаров С.В.	\N	t	3
8	612270, г.Орлов, ул.Кирова, д.100, кв.8		t	6822-659-8	Новиков А.П.	6040280711	f	0
\.


--
-- Data for Name: calc_method; Type: TABLE DATA; Schema: public; Owner: postgres
--

COPY public.calc_method (id, name) FROM stdin;
1	По ИПУ
2	По нормативу
\.


--
-- Data for Name: calculation; Type: TABLE DATA; Schema: public; Owner: postgres
--

COPY public.calculation (id, date, account_id, service_id, method_id, amount) FROM stdin;
109	2026-04-01	14	1	1	81.79
111	2026-04-01	2	1	2	379.65
115	2026-04-01	2	2	2	868.91
117	2026-04-01	14	3	1	96.91
113	2026-04-01	14	2	1	239.57
112	2026-04-01	21	1	2	1138.95
110	2026-04-01	8	1	2	379.65
114	2026-04-01	8	2	2	868.91
116	2026-04-01	21	2	2	2606.73
120	2026-04-01	21	3	2	1244.46
118	2026-04-01	8	3	2	414.82
119	2026-04-01	2	3	2	414.82
\.


--
-- Data for Name: meter; Type: TABLE DATA; Schema: public; Owner: postgres
--

COPY public.meter (id, initial_value, serial_number, valid_thru, verification_date, account_id, service_id) FROM stdin;
1	0.074	544322	2029-09-22	2023-09-23	14	1
2	0.021	544316	2029-09-22	2023-09-23	14	2
3	1.520	17778571	2030-04-19	2024-04-20	8	1
4	2.112	17769158	2030-04-19	2024-04-20	8	1
5	0.933	17769159	2030-04-19	2024-04-20	8	2
6	0.205	17778568	2026-02-19	2020-02-20	8	2
\.


--
-- Data for Name: norm; Type: TABLE DATA; Schema: public; Owner: postgres
--

COPY public.norm (id, impl_date, rate, service_id) FROM stdin;
2	2025-01-01	3.20	2
1	2025-01-01	7.32	1
5	2025-10-01	8.10	1
6	2025-10-01	3.50	2
7	2025-01-01	10.52	3
8	2025-10-01	11.60	3
\.


--
-- Data for Name: reading; Type: TABLE DATA; Schema: public; Owner: postgres
--

COPY public.reading (id, consumption, date, value, meter_id) FROM stdin;
30	2.874	2026-03-01	6.740	3
28	1.745	2026-03-01	3.040	1
25	2.346	2026-02-01	3.866	3
26	1.118	2026-02-01	2.051	5
23	1.221	2026-02-01	1.295	1
29	0.965	2026-03-01	1.721	2
24	0.735	2026-02-01	0.756	2
31	0.980	2026-03-01	3.031	5
\.


--
-- Data for Name: service; Type: TABLE DATA; Schema: public; Owner: postgres
--

COPY public.service (id, name) FROM stdin;
1	Холодное водоснабжение
2	Горячее водоснабжение
3	Водоотведенее
\.


--
-- Data for Name: tariff; Type: TABLE DATA; Schema: public; Owner: postgres
--

COPY public.tariff (id, impl_date, rate, service_id) FROM stdin;
1	2026-01-01	46.87	1
2	2026-01-01	248.26	2
3	2026-01-01	35.76	3
4	2025-07-01	39.83	1
5	2025-07-01	230.35	2
6	2025-07-01	31.10	3
\.


--
-- Data for Name: transaction; Type: TABLE DATA; Schema: public; Owner: postgres
--

COPY public.transaction (id, date, account_id, sum) FROM stdin;
17	2026-04-11	21	-4990.14
18	2026-04-11	14	-418.27
19	2026-04-11	2	-1663.38
20	2026-04-11	8	-1663.38
21	2026-04-15	14	1000.00
\.


--
-- Name: calc_method_id_seq; Type: SEQUENCE SET; Schema: public; Owner: postgres
--

SELECT pg_catalog.setval('public.calc_method_id_seq', 2, true);


--
-- Name: calculation_id_seq; Type: SEQUENCE SET; Schema: public; Owner: postgres
--

SELECT pg_catalog.setval('public.calculation_id_seq', 120, true);


--
-- Name: meter_id_seq; Type: SEQUENCE SET; Schema: public; Owner: postgres
--

SELECT pg_catalog.setval('public.meter_id_seq', 6, true);


--
-- Name: my_sequence; Type: SEQUENCE SET; Schema: public; Owner: postgres
--

SELECT pg_catalog.setval('public.my_sequence', 21, true);


--
-- Name: norm_id_seq; Type: SEQUENCE SET; Schema: public; Owner: postgres
--

SELECT pg_catalog.setval('public.norm_id_seq', 8, true);


--
-- Name: reading_id_seq; Type: SEQUENCE SET; Schema: public; Owner: postgres
--

SELECT pg_catalog.setval('public.reading_id_seq', 31, true);


--
-- Name: service_id_seq; Type: SEQUENCE SET; Schema: public; Owner: postgres
--

SELECT pg_catalog.setval('public.service_id_seq', 3, true);


--
-- Name: tariff_id_seq; Type: SEQUENCE SET; Schema: public; Owner: postgres
--

SELECT pg_catalog.setval('public.tariff_id_seq', 6, true);


--
-- Name: transaction_id_seq; Type: SEQUENCE SET; Schema: public; Owner: postgres
--

SELECT pg_catalog.setval('public.transaction_id_seq', 21, true);


--
-- Name: account account_pkey; Type: CONSTRAINT; Schema: public; Owner: postgres
--

ALTER TABLE ONLY public.account
    ADD CONSTRAINT account_pkey PRIMARY KEY (id);


--
-- Name: calc_method calc_method_pkey; Type: CONSTRAINT; Schema: public; Owner: postgres
--

ALTER TABLE ONLY public.calc_method
    ADD CONSTRAINT calc_method_pkey PRIMARY KEY (id);


--
-- Name: calculation calculation_pkey; Type: CONSTRAINT; Schema: public; Owner: postgres
--

ALTER TABLE ONLY public.calculation
    ADD CONSTRAINT calculation_pkey PRIMARY KEY (id);


--
-- Name: meter meter_pkey; Type: CONSTRAINT; Schema: public; Owner: postgres
--

ALTER TABLE ONLY public.meter
    ADD CONSTRAINT meter_pkey PRIMARY KEY (id);


--
-- Name: norm norm_pkey; Type: CONSTRAINT; Schema: public; Owner: postgres
--

ALTER TABLE ONLY public.norm
    ADD CONSTRAINT norm_pkey PRIMARY KEY (id);


--
-- Name: reading reading_date_meter_id_key; Type: CONSTRAINT; Schema: public; Owner: postgres
--

ALTER TABLE ONLY public.reading
    ADD CONSTRAINT reading_date_meter_id_key UNIQUE (date, meter_id);


--
-- Name: reading reading_pkey; Type: CONSTRAINT; Schema: public; Owner: postgres
--

ALTER TABLE ONLY public.reading
    ADD CONSTRAINT reading_pkey PRIMARY KEY (id);


--
-- Name: service service_pkey; Type: CONSTRAINT; Schema: public; Owner: postgres
--

ALTER TABLE ONLY public.service
    ADD CONSTRAINT service_pkey PRIMARY KEY (id);


--
-- Name: tariff tariff_pkey; Type: CONSTRAINT; Schema: public; Owner: postgres
--

ALTER TABLE ONLY public.tariff
    ADD CONSTRAINT tariff_pkey PRIMARY KEY (id);


--
-- Name: transaction transaction_pkey; Type: CONSTRAINT; Schema: public; Owner: postgres
--

ALTER TABLE ONLY public.transaction
    ADD CONSTRAINT transaction_pkey PRIMARY KEY (id);


--
-- Name: reading uc_reading; Type: CONSTRAINT; Schema: public; Owner: postgres
--

ALTER TABLE ONLY public.reading
    ADD CONSTRAINT uc_reading UNIQUE (date, meter_id);


--
-- Name: service ukadgojnrwwx9c3y3qa2q08uuqp; Type: CONSTRAINT; Schema: public; Owner: postgres
--

ALTER TABLE ONLY public.service
    ADD CONSTRAINT ukadgojnrwwx9c3y3qa2q08uuqp UNIQUE (name);


--
-- Name: account ukdbfiubqahb32ns85k023gr6nn; Type: CONSTRAINT; Schema: public; Owner: postgres
--

ALTER TABLE ONLY public.account
    ADD CONSTRAINT ukdbfiubqahb32ns85k023gr6nn UNIQUE (number);


--
-- Name: account uksa3ur84gbq08s7gjbdo9irci1; Type: CONSTRAINT; Schema: public; Owner: postgres
--

ALTER TABLE ONLY public.account
    ADD CONSTRAINT uksa3ur84gbq08s7gjbdo9irci1 UNIQUE (address);


--
-- Name: idx_account_telegram_id; Type: INDEX; Schema: public; Owner: postgres
--

CREATE INDEX idx_account_telegram_id ON public.account USING btree (telegram_id);


--
-- Name: calculation calculation_calc_method_id_fk; Type: FK CONSTRAINT; Schema: public; Owner: postgres
--

ALTER TABLE ONLY public.calculation
    ADD CONSTRAINT calculation_calc_method_id_fk FOREIGN KEY (method_id) REFERENCES public.calc_method(id);


--
-- Name: transaction fk6g20fcr3bhr6bihgy24rq1r1b; Type: FK CONSTRAINT; Schema: public; Owner: postgres
--

ALTER TABLE ONLY public.transaction
    ADD CONSTRAINT fk6g20fcr3bhr6bihgy24rq1r1b FOREIGN KEY (account_id) REFERENCES public.account(id);


--
-- Name: meter fkc81d44n89397porkmhg0ujtql; Type: FK CONSTRAINT; Schema: public; Owner: postgres
--

ALTER TABLE ONLY public.meter
    ADD CONSTRAINT fkc81d44n89397porkmhg0ujtql FOREIGN KEY (account_id) REFERENCES public.account(id);


--
-- Name: meter fkfw99n6njbtt0b2wjxaj93gov2; Type: FK CONSTRAINT; Schema: public; Owner: postgres
--

ALTER TABLE ONLY public.meter
    ADD CONSTRAINT fkfw99n6njbtt0b2wjxaj93gov2 FOREIGN KEY (service_id) REFERENCES public.service(id);


--
-- Name: norm fkgcoao4go5qc1t4rey0dcu03q8; Type: FK CONSTRAINT; Schema: public; Owner: postgres
--

ALTER TABLE ONLY public.norm
    ADD CONSTRAINT fkgcoao4go5qc1t4rey0dcu03q8 FOREIGN KEY (service_id) REFERENCES public.service(id);


--
-- Name: tariff fkhh5fxcr3oes6mfy8wiuel2213; Type: FK CONSTRAINT; Schema: public; Owner: postgres
--

ALTER TABLE ONLY public.tariff
    ADD CONSTRAINT fkhh5fxcr3oes6mfy8wiuel2213 FOREIGN KEY (service_id) REFERENCES public.service(id);


--
-- Name: calculation fkrag5t8cmqxe0wqo07e5x6ji93; Type: FK CONSTRAINT; Schema: public; Owner: postgres
--

ALTER TABLE ONLY public.calculation
    ADD CONSTRAINT fkrag5t8cmqxe0wqo07e5x6ji93 FOREIGN KEY (account_id) REFERENCES public.account(id);


--
-- Name: reading fkrk4bo4tq59pfymwvx2jnjvlae; Type: FK CONSTRAINT; Schema: public; Owner: postgres
--

ALTER TABLE ONLY public.reading
    ADD CONSTRAINT fkrk4bo4tq59pfymwvx2jnjvlae FOREIGN KEY (meter_id) REFERENCES public.meter(id);


--
-- Name: calculation fkrn7xq8pu3k7kciqmramhj6rhp; Type: FK CONSTRAINT; Schema: public; Owner: postgres
--

ALTER TABLE ONLY public.calculation
    ADD CONSTRAINT fkrn7xq8pu3k7kciqmramhj6rhp FOREIGN KEY (service_id) REFERENCES public.service(id);


--
-- PostgreSQL database dump complete
--

\unrestrict BWy4hLZSPdLhfQg86TTuFCD29bny0OAcsq7Pc4p32haDStsqVIhmm1yGcGbUJoV

